Date,User,Kind,Max Mode,Model,Tokens,Cost ($)
"2025-08-20T00:52:22.260Z","You","Included in Pro Plus","No","auto",14680,"Included"
"2025-08-20T00:51:50.338Z","You","Included in Pro Plus","No","auto",13902,"Included"
"2025-08-20T00:51:31.652Z","You","Included in Pro Plus","No","auto",13329,"Included"
"2025-08-20T00:08:26.698Z","You","Included in Pro Plus","No","auto",13253,"Included"
"2025-08-20T00:06:59.773Z","You","Included in Pro Plus","No","auto",12663,"Included"
"2025-08-20T00:00:19.252Z","You","Included in Pro Plus","No","auto",11242,"Included"
"2025-08-19T23:58:07.144Z","You","Included in Pro Plus","No","auto",10597,"Included"
"2025-08-19T23:57:23.367Z","You","Included in Pro Plus","No","auto",9959,"Included"
"2025-08-19T23:50:52.282Z","You","Included in Pro Plus","No","auto",9027,"Included"
"2025-08-19T23:47:48.759Z","You","Included in Pro Plus","No","auto",8282,"Included"
"2025-08-19T23:47:21.170Z","You","Included in Pro Plus","No","auto",7853,"Included"
"2025-08-19T23:45:58.536Z","You","Included in Pro Plus","No","auto",7447,"Included"
"2025-08-19T23:45:10.782Z","You","Included in Pro Plus","No","auto",6841,"Included"
"2025-08-19T23:44:37.860Z","You","Included in Pro Plus","No","auto",6391,"Included"
"2025-08-19T23:41:10.596Z","You","Included in Pro Plus","No","auto",5702,"Included"
"2025-08-19T23:40:10.954Z","You","Included in Pro Plus","No","auto",5650,"Included"
"2025-08-19T23:28:59.521Z","You","Included in Pro Plus","No","auto",4897,"Included"
"2025-08-19T19:30:07.756Z","You","Included in Pro Plus","No","o3",13058,"Included"
"2025-08-19T19:25:31.219Z","You","Included in Pro Plus","No","o3",27774,"Included"
"2025-08-19T18:53:45.660Z","You","Included in Pro Plus","No","claude-4-sonnet-thinking",765378,"Included"
"2025-08-19T18:28:12.344Z","You","Included in Pro Plus","No","claude-4-sonnet",20502,"Included"
"2025-08-19T10:47:30.833Z","You","Included in Pro Plus","Yes","gpt-5-high",19511,"Included"
"2025-08-19T10:47:18.698Z","You","Included in Pro Plus","Yes","gpt-5-high",0,"Included"
"2025-08-19T10:45:42.479Z","You","Included in Pro Plus","No","o3",13153,"Included"
"2025-08-19T10:41:51.032Z","You","Included in Pro Plus","No","auto",79314,"Included"
"2025-08-19T08:38:26.706Z","You","Included in Pro Plus","No","auto",724792,"Included"
"2025-08-19T08:35:38.725Z","You","Included in Pro Plus","No","auto",122793,"Included"
"2025-08-19T08:23:09.619Z","You","Included in Pro Plus","No","auto",1295515,"Included"
"2025-08-19T08:14:00.610Z","You","Included in Pro Plus","No","auto",833916,"Included"
"2025-08-19T08:13:14.337Z","You","Included in Pro Plus","No","auto",86882,"Included"
"2025-08-19T08:10:56.663Z","You","Included in Pro Plus","No","auto",85470,"Included"
"2025-08-19T08:03:31.947Z","You","Included in Pro Plus","No","auto",158700,"Included"
"2025-08-19T08:01:40.261Z","You","Included in Pro Plus","No","auto",151287,"Included"
"2025-08-19T07:59:19.836Z","You","Included in Pro Plus","No","auto",691255,"Included"
"2025-08-19T07:43:30.767Z","You","Included in Pro Plus","No","auto",646240,"Included"
"2025-08-19T07:29:37.093Z","You","Included in Pro Plus","No","auto",100013,"Included"
"2025-08-19T07:26:47.304Z","You","Included in Pro Plus","No","auto",294693,"Included"
"2025-08-19T07:24:34.249Z","You","Included in Pro Plus","No","auto",96489,"Included"
"2025-08-19T07:22:20.136Z","You","Included in Pro Plus","No","auto",188420,"Included"
"2025-08-19T07:19:05.176Z","You","Included in Pro Plus","No","auto",613172,"Included"
"2025-08-19T07:16:37.378Z","You","Included in Pro Plus","No","auto",326890,"Included"
"2025-08-19T07:10:27.577Z","You","Included in Pro Plus","No","auto",305247,"Included"
"2025-08-19T07:06:46.304Z","You","Included in Pro Plus","No","claude-4-sonnet-thinking",103465,"Included"
"2025-08-19T07:02:49.674Z","You","Included in Pro Plus","No","claude-4-sonnet-thinking",198573,"Included"
"2025-08-19T06:59:59.147Z","You","Included in Pro Plus","No","claude-4-sonnet-thinking",364087,"Included"
"2025-08-19T06:53:00.552Z","You","Included in Pro Plus","Yes","claude-4.1-opus-thinking",168344,"Included"
"2025-08-19T06:49:40.492Z","You","Included in Pro Plus","Yes","claude-4.1-opus-thinking",167084,"Included"
"2025-08-19T06:49:32.427Z","You","Included in Pro Plus","Yes","claude-4.1-opus-thinking",163296,"Included"
"2025-08-19T06:49:24.436Z","You","Included in Pro Plus","Yes","claude-4.1-opus-thinking",163067,"Included"
"2025-08-19T06:48:07.764Z","You","Included in Pro Plus","Yes","claude-4.1-opus-thinking",162778,"Included"
"2025-08-19T06:47:58.830Z","You","Included in Pro Plus","Yes","claude-4.1-opus-thinking",161313,"Included"
"2025-08-19T06:47:49.893Z","You","Included in Pro Plus","Yes","claude-4.1-opus-thinking",161056,"Included"
"2025-08-19T06:47:36.346Z","You","Included in Pro Plus","Yes","claude-4.1-opus-thinking",160721,"Included"
"2025-08-19T06:47:24.641Z","You","Included in Pro Plus","Yes","claude-4.1-opus-thinking",160240,"Included"
"2025-08-19T06:47:16.586Z","You","Included in Pro Plus","Yes","claude-4.1-opus-thinking",159613,"Included"
"2025-08-19T06:47:07.292Z","You","Included in Pro Plus","Yes","claude-4.1-opus-thinking",159316,"Included"
"2025-08-19T06:47:00.222Z","You","Included in Pro Plus","Yes","claude-4.1-opus-thinking",158974,"Included"
"2025-08-19T06:46:50.558Z","You","Included in Pro Plus","Yes","claude-4.1-opus-thinking",158678,"Included"
"2025-08-19T06:46:44.565Z","You","Included in Pro Plus","Yes","claude-4.1-opus-thinking",158339,"Included"
"2025-08-19T06:46:33.948Z","You","Included in Pro Plus","Yes","claude-4.1-opus-thinking",158046,"Included"
"2025-08-19T06:46:27.167Z","You","Included in Pro Plus","Yes","claude-4.1-opus-thinking",157662,"Included"
"2025-08-19T06:46:16.184Z","You","Included in Pro Plus","Yes","claude-4.1-opus-thinking",157277,"Included"
"2025-08-19T06:46:09.657Z","You","Included in Pro Plus","Yes","claude-4.1-opus-thinking",156913,"Included"
"2025-08-19T06:45:58.726Z","You","Included in Pro Plus","Yes","claude-4.1-opus-thinking",156651,"Included"
"2025-08-19T06:45:52.363Z","You","Included in Pro Plus","Yes","claude-4.1-opus-thinking",156305,"Included"
"2025-08-19T06:45:44.178Z","You","Errored, Not Charged","Yes","claude-4.1-opus-thinking",156005,"Included"
"2025-08-19T06:45:24.692Z","You","Included in Pro Plus","Yes","claude-4.1-opus-thinking",155775,"Included"
"2025-08-19T06:45:15.096Z","You","Included in Pro Plus","Yes","claude-4.1-opus-thinking",154987,"Included"
"2025-08-19T06:44:55.231Z","You","Included in Pro Plus","Yes","claude-4.1-opus-thinking",154747,"Included"
"2025-08-19T06:44:44.518Z","You","Included in Pro Plus","Yes","claude-4.1-opus-thinking",154419,"Included"
"2025-08-19T06:44:22.177Z","You","Included in Pro Plus","Yes","claude-4.1-opus-thinking",154008,"Included"
"2025-08-19T06:44:08.202Z","You","Included in Pro Plus","Yes","claude-4.1-opus-thinking",153531,"Included"
"2025-08-19T06:44:01.241Z","You","Included in Pro Plus","Yes","claude-4.1-opus-thinking",153136,"Included"
"2025-08-19T06:43:49.100Z","You","Included in Pro Plus","Yes","claude-4.1-opus-thinking",152757,"Included"
"2025-08-19T06:43:38.738Z","You","Included in Pro Plus","Yes","claude-4.1-opus-thinking",152419,"Included"
"2025-08-19T06:43:29.287Z","You","Included in Pro Plus","Yes","claude-4.1-opus-thinking",152052,"Included"
"2025-08-19T06:43:16.080Z","You","Included in Pro Plus","Yes","claude-4.1-opus-thinking",151704,"Included"
"2025-08-19T06:43:05.934Z","You","Included in Pro Plus","Yes","claude-4.1-opus-thinking",151283,"Included"
"2025-08-19T06:42:58.661Z","You","Errored, Not Charged","Yes","claude-4.1-opus-thinking",150932,"Included"
"2025-08-19T06:42:48.750Z","You","Included in Pro Plus","Yes","claude-4.1-opus-thinking",150648,"Included"
"2025-08-19T06:42:38.463Z","You","Included in Pro Plus","Yes","claude-4.1-opus-thinking",150242,"Included"
"2025-08-19T06:42:27.012Z","You","Errored, Not Charged","Yes","claude-4.1-opus-thinking",149958,"Included"
"2025-08-19T06:42:16.720Z","You","Included in Pro Plus","Yes","claude-4.1-opus-thinking",149489,"Included"
"2025-08-19T06:42:08.501Z","You","Errored, Not Charged","Yes","claude-4.1-opus-thinking",148670,"Included"
"2025-08-19T06:41:57.467Z","You","Included in Pro Plus","Yes","claude-4.1-opus-thinking",148236,"Included"
"2025-08-19T06:41:41.091Z","You","Included in Pro Plus","Yes","claude-4.1-opus-thinking",147684,"Included"
"2025-08-19T06:41:28.534Z","You","Included in Pro Plus","Yes","claude-4.1-opus-thinking",147078,"Included"
"2025-08-19T06:41:02.526Z","You","Included in Pro Plus","Yes","claude-4.1-opus-thinking",146524,"Included"
"2025-08-19T06:40:52.200Z","You","Included in Pro Plus","Yes","claude-4.1-opus-thinking",142937,"Included"
"2025-08-19T06:40:45.657Z","You","Included in Pro Plus","Yes","claude-4.1-opus-thinking",142649,"Included"
"2025-08-19T06:40:38.513Z","You","Included in Pro Plus","Yes","claude-4.1-opus-thinking",142332,"Included"
"2025-08-19T06:40:28.486Z","You","Included in Pro Plus","Yes","claude-4.1-opus-thinking",141854,"Included"
"2025-08-19T06:40:22.903Z","You","Included in Pro Plus","Yes","claude-4.1-opus-thinking",141457,"Included"
"2025-08-19T06:40:13.013Z","You","Included in Pro Plus","Yes","claude-4.1-opus-thinking",140875,"Included"
"2025-08-19T06:40:03.438Z","You","Included in Pro Plus","Yes","claude-4.1-opus-thinking",140562,"Included"
"2025-08-19T06:39:56.501Z","You","Included in Pro Plus","Yes","claude-4.1-opus-thinking",140160,"Included"
"2025-08-19T06:39:39.614Z","You","Included in Pro Plus","Yes","claude-4.1-opus-thinking",139700,"Included"
"2025-08-19T06:39:30.213Z","You","Included in Pro Plus","Yes","claude-4.1-opus-thinking",138950,"Included"
"2025-08-19T06:39:23.189Z","You","Included in Pro Plus","Yes","claude-4.1-opus-thinking",138544,"Included"
"2025-08-19T06:39:13.896Z","You","Included in Pro Plus","Yes","claude-4.1-opus-thinking",137915,"Included"
"2025-08-19T06:39:03.224Z","You","Included in Pro Plus","Yes","claude-4.1-opus-thinking",137517,"Included"
"2025-08-19T06:38:55.552Z","You","Included in Pro Plus","Yes","claude-4.1-opus-thinking",137103,"Included"
"2025-08-19T06:38:47.508Z","You","Included in Pro Plus","Yes","claude-4.1-opus-thinking",136694,"Included"
"2025-08-19T06:38:40.465Z","You","Included in Pro Plus","Yes","claude-4.1-opus-thinking",134850,"Included"
"2025-08-19T06:38:32.499Z","You","Included in Pro Plus","Yes","claude-4.1-opus-thinking",134587,"Included"
"2025-08-19T06:38:26.356Z","You","Included in Pro Plus","Yes","claude-4.1-opus-thinking",134231,"Included"
"2025-08-19T06:38:15.549Z","You","Included in Pro Plus","Yes","claude-4.1-opus-thinking",133817,"Included"
"2025-08-19T06:38:09.860Z","You","Included in Pro Plus","Yes","claude-4.1-opus-thinking",133493,"Included"
"2025-08-19T06:38:04.656Z","You","Errored, Not Charged","Yes","claude-4.1-opus-thinking",132819,"Included"
"2025-08-19T06:37:56.729Z","You","Included in Pro Plus","Yes","claude-4.1-opus-thinking",132652,"Included"
"2025-08-19T06:37:50.215Z","You","Included in Pro Plus","Yes","claude-4.1-opus-thinking",132422,"Included"
"2025-08-19T06:37:41.483Z","You","Included in Pro Plus","Yes","claude-4.1-opus-thinking",131997,"Included"
"2025-08-19T06:37:33.794Z","You","Included in Pro Plus","Yes","claude-4.1-opus-thinking",131634,"Included"
"2025-08-19T06:37:27.875Z","You","Included in Pro Plus","Yes","claude-4.1-opus-thinking",131198,"Included"
"2025-08-19T06:37:21.268Z","You","Included in Pro Plus","Yes","claude-4.1-opus-thinking",130898,"Included"
"2025-08-19T06:37:14.787Z","You","Included in Pro Plus","Yes","claude-4.1-opus-thinking",130609,"Included"
"2025-08-19T06:37:08.590Z","You","Included in Pro Plus","Yes","claude-4.1-opus-thinking",130232,"Included"
"2025-08-19T06:37:01.441Z","You","Included in Pro Plus","Yes","claude-4.1-opus-thinking",129992,"Included"
"2025-08-19T06:36:55.827Z","You","Included in Pro Plus","Yes","claude-4.1-opus-thinking",129626,"Included"
"2025-08-19T06:36:49.797Z","You","Included in Pro Plus","Yes","claude-4.1-opus-thinking",129295,"Included"
"2025-08-19T06:36:41.926Z","You","Included in Pro Plus","Yes","claude-4.1-opus-thinking",128990,"Included"
"2025-08-19T06:36:33.798Z","You","Included in Pro Plus","Yes","claude-4.1-opus-thinking",128692,"Included"
"2025-08-19T06:36:28.261Z","You","Included in Pro Plus","Yes","claude-4.1-opus-thinking",128362,"Included"
"2025-08-19T06:36:20.468Z","You","Included in Pro Plus","Yes","claude-4.1-opus-thinking",127993,"Included"
"2025-08-19T06:36:13.489Z","You","Included in Pro Plus","Yes","claude-4.1-opus-thinking",127657,"Included"
"2025-08-19T06:36:04.618Z","You","Included in Pro Plus","Yes","claude-4.1-opus-thinking",127273,"Included"
"2025-08-19T06:35:56.174Z","You","Included in Pro Plus","Yes","claude-4.1-opus-thinking",126949,"Included"
"2025-08-19T06:35:48.100Z","You","Included in Pro Plus","Yes","claude-4.1-opus-thinking",126537,"Included"
"2025-08-19T06:35:38.886Z","You","Included in Pro Plus","Yes","claude-4.1-opus-thinking",126101,"Included"
"2025-08-19T06:35:29.602Z","You","Included in Pro Plus","Yes","claude-4.1-opus-thinking",125594,"Included"
"2025-08-19T06:35:23.703Z","You","Included in Pro Plus","Yes","claude-4.1-opus-thinking",124963,"Included"
"2025-08-19T06:35:18.467Z","You","Errored, Not Charged","Yes","claude-4.1-opus-thinking",123851,"Included"
"2025-08-19T06:35:11.592Z","You","Included in Pro Plus","Yes","claude-4.1-opus-thinking",123697,"Included"
"2025-08-19T06:35:05.026Z","You","Included in Pro Plus","Yes","claude-4.1-opus-thinking",123373,"Included"
"2025-08-19T06:34:55.905Z","You","Included in Pro Plus","Yes","claude-4.1-opus-thinking",122976,"Included"
"2025-08-19T06:34:50.152Z","You","Included in Pro Plus","Yes","claude-4.1-opus-thinking",122571,"Included"
"2025-08-19T06:34:41.644Z","You","Included in Pro Plus","Yes","claude-4.1-opus-thinking",122286,"Included"
"2025-08-19T06:34:35.001Z","You","Included in Pro Plus","Yes","claude-4.1-opus-thinking",121959,"Included"
"2025-08-19T06:34:27.519Z","You","Included in Pro Plus","Yes","claude-4.1-opus-thinking",121270,"Included"
"2025-08-19T06:34:21.673Z","You","Included in Pro Plus","Yes","claude-4.1-opus-thinking",120904,"Included"
"2025-08-19T06:34:13.506Z","You","Included in Pro Plus","Yes","claude-4.1-opus-thinking",120571,"Included"
"2025-08-19T06:34:06.091Z","You","Included in Pro Plus","Yes","claude-4.1-opus-thinking",120244,"Included"
"2025-08-19T06:33:58.397Z","You","Included in Pro Plus","Yes","claude-4.1-opus-thinking",119726,"Included"
"2025-08-19T06:33:53.547Z","You","Included in Pro Plus","Yes","claude-4.1-opus-thinking",119344,"Included"
"2025-08-19T06:33:45.357Z","You","Included in Pro Plus","Yes","claude-4.1-opus-thinking",118866,"Included"
"2025-08-19T06:33:39.917Z","You","Included in Pro Plus","Yes","claude-4.1-opus-thinking",118466,"Included"
"2025-08-19T06:33:29.631Z","You","Included in Pro Plus","Yes","claude-4.1-opus-thinking",118038,"Included"
"2025-08-19T06:33:22.796Z","You","Included in Pro Plus","Yes","claude-4.1-opus-thinking",117772,"Included"
"2025-08-19T06:33:16.004Z","You","Included in Pro Plus","Yes","claude-4.1-opus-thinking",117564,"Included"
"2025-08-19T06:33:08.964Z","You","Included in Pro Plus","Yes","claude-4.1-opus-thinking",117223,"Included"
"2025-08-19T06:33:03.471Z","You","Included in Pro Plus","Yes","claude-4.1-opus-thinking",116767,"Included"
"2025-08-19T06:32:55.273Z","You","Included in Pro Plus","Yes","claude-4.1-opus-thinking",116296,"Included"
"2025-08-19T06:32:46.300Z","You","Errored, Not Charged","Yes","claude-4.1-opus-thinking",116028,"Included"
"2025-08-19T06:32:39.797Z","You","Included in Pro Plus","Yes","claude-4.1-opus-thinking",115748,"Included"
"2025-08-19T06:32:32.358Z","You","Included in Pro Plus","Yes","claude-4.1-opus-thinking",115454,"Included"
"2025-08-19T06:32:25.240Z","You","Included in Pro Plus","Yes","claude-4.1-opus-thinking",115207,"Included"
"2025-08-19T06:32:18.665Z","You","Included in Pro Plus","Yes","claude-4.1-opus-thinking",114926,"Included"
"2025-08-19T06:32:12.388Z","You","Included in Pro Plus","Yes","claude-4.1-opus-thinking",112626,"Included"
"2025-08-19T06:32:04.936Z","You","Included in Pro Plus","Yes","claude-4.1-opus-thinking",112256,"Included"
"2025-08-19T06:31:58.831Z","You","Included in Pro Plus","Yes","claude-4.1-opus-thinking",111881,"Included"
"2025-08-19T06:31:51.816Z","You","Included in Pro Plus","Yes","claude-4.1-opus-thinking",111506,"Included"
"2025-08-19T06:31:45.807Z","You","Included in Pro Plus","Yes","claude-4.1-opus-thinking",111196,"Included"
"2025-08-19T06:31:37.618Z","You","Included in Pro Plus","Yes","claude-4.1-opus-thinking",110897,"Included"
"2025-08-19T06:31:30.694Z","You","Included in Pro Plus","Yes","claude-4.1-opus-thinking",110577,"Included"
"2025-08-19T06:31:23.067Z","You","Included in Pro Plus","Yes","claude-4.1-opus-thinking",108736,"Included"
"2025-08-19T06:31:16.787Z","You","Included in Pro Plus","Yes","claude-4.1-opus-thinking",108346,"Included"
"2025-08-19T06:31:11.428Z","You","Errored, Not Charged","Yes","claude-4.1-opus-thinking",108093,"Included"
"2025-08-19T06:31:05.373Z","You","Included in Pro Plus","Yes","claude-4.1-opus-thinking",107819,"Included"
"2025-08-19T06:30:59.152Z","You","Included in Pro Plus","Yes","claude-4.1-opus-thinking",107514,"Included"
"2025-08-19T06:30:52.228Z","You","Included in Pro Plus","Yes","claude-4.1-opus-thinking",107260,"Included"
"2025-08-19T06:30:47.636Z","You","Included in Pro Plus","Yes","claude-4.1-opus-thinking",107016,"Included"
"2025-08-19T06:30:42.337Z","You","Included in Pro Plus","Yes","claude-4.1-opus-thinking",106780,"Included"
"2025-08-19T06:30:36.854Z","You","Included in Pro Plus","Yes","claude-4.1-opus-thinking",106524,"Included"
"2025-08-19T06:30:30.767Z","You","Included in Pro Plus","Yes","claude-4.1-opus-thinking",106267,"Included"
"2025-08-19T06:30:25.238Z","You","Included in Pro Plus","Yes","claude-4.1-opus-thinking",106013,"Included"
"2025-08-19T06:30:19.489Z","You","Included in Pro Plus","Yes","claude-4.1-opus-thinking",105543,"Included"
"2025-08-19T06:30:13.660Z","You","Errored, Not Charged","Yes","claude-4.1-opus-thinking",105186,"Included"
"2025-08-19T06:30:06.678Z","You","Included in Pro Plus","Yes","claude-4.1-opus-thinking",104830,"Included"
"2025-08-19T06:29:58.129Z","You","Included in Pro Plus","Yes","claude-4.1-opus-thinking",104391,"Included"
"2025-08-19T06:29:50.063Z","You","Included in Pro Plus","Yes","claude-4.1-opus-thinking",104054,"Included"
"2025-08-19T06:29:42.729Z","You","Included in Pro Plus","Yes","claude-4.1-opus-thinking",101552,"Included"
"2025-08-19T06:29:33.914Z","You","Included in Pro Plus","Yes","claude-4.1-opus-thinking",101303,"Included"
"2025-08-19T06:29:26.424Z","You","Included in Pro Plus","Yes","claude-4.1-opus-thinking",100934,"Included"
"2025-08-19T06:29:17.400Z","You","Included in Pro Plus","Yes","claude-4.1-opus-thinking",100422,"Included"
"2025-08-19T06:28:40.745Z","You","Included in Pro Plus","Yes","claude-4.1-opus-thinking",99918,"Included"
"2025-08-19T06:28:34.572Z","You","Included in Pro Plus","Yes","claude-4.1-opus-thinking",88500,"Included"
"2025-08-19T06:28:28.780Z","You","Errored, Not Charged","Yes","claude-4.1-opus-thinking",88219,"Included"
"2025-08-19T06:28:23.154Z","You","Included in Pro Plus","Yes","claude-4.1-opus-thinking",87992,"Included"
"2025-08-19T06:28:16.581Z","You","Errored, Not Charged","Yes","claude-4.1-opus-thinking",87662,"Included"
"2025-08-19T06:28:03.782Z","You","Included in Pro Plus","Yes","claude-4.1-opus-thinking",87398,"Included"
"2025-08-19T06:23:12.507Z","You","Included in Pro Plus","Yes","claude-4.1-opus-thinking",87853,"Included"
"2025-08-19T06:23:06.334Z","You","Included in Pro Plus","Yes","claude-4.1-opus-thinking",84069,"Included"
"2025-08-19T06:22:57.945Z","You","Included in Pro Plus","Yes","claude-4.1-opus-thinking",83852,"Included"
"2025-08-19T06:22:51.027Z","You","Included in Pro Plus","Yes","claude-4.1-opus-thinking",82125,"Included"
"2025-08-19T06:22:41.779Z","You","Included in Pro Plus","Yes","claude-4.1-opus-thinking",81834,"Included"
"2025-08-19T06:22:32.771Z","You","Included in Pro Plus","Yes","claude-4.1-opus-thinking",80283,"Included"
"2025-08-19T06:22:26.651Z","You","Included in Pro Plus","Yes","claude-4.1-opus-thinking",78668,"Included"
"2025-08-19T06:22:18.969Z","You","Included in Pro Plus","Yes","claude-4.1-opus-thinking",78493,"Included"
"2025-08-19T06:22:07.263Z","You","Included in Pro Plus","Yes","claude-4.1-opus-thinking",76951,"Included"
"2025-08-19T06:21:48.451Z","You","Included in Pro Plus","Yes","claude-4.1-opus-thinking",74550,"Included"
"2025-08-19T06:11:52.292Z","You","Included in Pro Plus","Yes","claude-4.1-opus-thinking",100595,"Included"
"2025-08-19T06:10:15.573Z","You","Included in Pro Plus","Yes","claude-4.1-opus-thinking",98096,"Included"
"2025-08-19T06:07:07.988Z","You","Included in Pro Plus","Yes","claude-4.1-opus-thinking",101856,"Included"
"2025-08-19T06:06:55.779Z","You","Included in Pro Plus","Yes","claude-4.1-opus-thinking",101641,"Included"
"2025-08-19T05:58:48.903Z","You","Included in Pro","No","auto",153517,"Included"
"2025-08-19T05:58:11.516Z","You","Included in Pro","No","auto",129695,"Included"
"2025-08-19T05:56:55.937Z","You","Included in Pro","No","auto",61707,"Included"
"2025-08-19T05:56:04.188Z","You","Included in Pro","No","auto",61302,"Included"
"2025-08-19T05:55:45.696Z","You","Included in Pro","No","auto",60901,"Included"
"2025-08-19T05:55:11.547Z","You","Included in Pro","No","auto",60027,"Included"
"2025-08-19T05:54:22.607Z","You","Included in Pro","No","auto",59445,"Included"
"2025-08-19T05:53:48.071Z","You","Included in Pro","No","auto",57825,"Included"
"2025-08-19T05:52:57.449Z","You","Included in Pro","No","auto",56191,"Included"
"2025-08-19T05:52:19.098Z","You","Included in Pro","No","auto",55911,"Included"
"2025-08-19T05:51:45.578Z","You","Included in Pro","No","auto",55552,"Included"
"2025-08-19T05:50:27.145Z","You","Included in Pro","No","auto",55116,"Included"
"2025-08-19T05:49:23.764Z","You","Included in Pro","No","auto",54073,"Included"
"2025-08-19T05:48:40.301Z","You","Included in Pro","No","auto",53227,"Included"
"2025-08-19T05:47:36.672Z","You","Included in Pro","No","auto",52611,"Included"
"2025-08-19T05:44:47.051Z","You","Included in Pro","No","auto",51920,"Included"
"2025-08-19T05:43:42.687Z","You","Included in Pro","No","auto",51536,"Included"
"2025-08-19T05:42:50.359Z","You","Included in Pro","No","auto",51289,"Included"
"2025-08-19T05:41:36.864Z","You","Included in Pro","No","auto",50620,"Included"
"2025-08-19T05:37:44.822Z","You","Included in Pro","No","claude-4-sonnet",219225,"Included"
"2025-08-19T05:34:51.797Z","You","Included in Pro","No","claude-4-sonnet",53091,"Included"
"2025-08-19T05:30:39.187Z","You","Included in Pro","No","claude-4-sonnet",51819,"Included"
"2025-08-19T05:29:14.971Z","You","Included in Pro","No","claude-4-sonnet",50515,"Included"
"2025-08-19T05:07:48.118Z","You","Included in Pro","No","claude-4-sonnet",100150,"Included"
"2025-08-19T05:06:48.076Z","You","Included in Pro","No","claude-4-sonnet",48367,"Included"
"2025-08-19T05:00:18.793Z","You","Included in Pro","No","claude-4-sonnet",42802,"Included"
"2025-08-19T04:59:18.120Z","You","Included in Pro","No","claude-4-sonnet",83865,"Included"
"2025-08-19T04:57:57.474Z","You","Included in Pro","No","claude-4-sonnet",105347,"Included"
"2025-08-19T04:57:17.045Z","You","Included in Pro","No","claude-4-sonnet",103384,"Included"
"2025-08-19T04:55:55.315Z","You","Included in Pro","No","claude-4-sonnet",73292,"Included"
"2025-08-19T04:54:58.570Z","You","Errored, Not Charged","No","claude-4-sonnet-thinking",0,"Included"
"2025-08-19T04:00:13.356Z","You","Included in Pro","No","auto",10159,"Included"
"2025-08-19T03:59:40.765Z","You","Included in Pro","No","auto",9771,"Included"
"2025-08-19T03:58:07.946Z","You","Included in Pro","No","auto",8351,"Included"
"2025-08-19T03:57:21.335Z","You","Included in Pro","No","auto",15085,"Included"
"2025-08-19T03:54:53.789Z","You","Included in Pro","No","auto",48602,"Included"
"2025-08-19T03:52:11.356Z","You","Included in Pro","No","auto",108338,"Included"
"2025-08-19T03:51:08.125Z","You","Included in Pro","No","auto",107968,"Included"
"2025-08-19T03:44:33.512Z","You","Included in Pro","No","auto",106257,"Included"
"2025-08-19T03:43:15.896Z","You","Included in Pro","No","auto",105683,"Included"
"2025-08-19T03:35:08.502Z","You","Included in Pro","No","auto",104965,"Included"
"2025-08-19T03:21:21.922Z","You","Included in Pro","No","auto",2429731,"Included"
"2025-08-19T02:57:46.539Z","You","Included in Pro","No","claude-4-sonnet-thinking",149180,"Included"
"2025-08-19T00:09:04.884Z","You","Included in Pro","No","claude-4-sonnet",3744082,"Included"
"2025-08-19T00:08:05.752Z","You","Included in Pro","No","claude-4-sonnet",258256,"Included"
"2025-08-19T00:07:00.339Z","You","Included in Pro","No","claude-4-sonnet",127783,"Included"
"2025-08-19T00:03:17.157Z","You","Included in Pro","No","claude-4-sonnet",2198212,"Included"
"2025-08-19T00:01:28.344Z","You","Included in Pro","No","claude-4-sonnet",763685,"Included"
"2025-08-18T23:59:52.970Z","You","Included in Pro","No","claude-4-sonnet",327359,"Included"
"2025-08-18T23:28:27.295Z","You","Included in Pro","No","claude-4-sonnet",24105164,"Included"
"2025-08-18T21:55:04.274Z","You","Included in Pro","No","claude-4-sonnet",1432019,"Included"
"2025-08-18T21:35:38.246Z","You","Included in Pro","No","claude-4-sonnet",10484626,"Included"
"2025-08-18T21:33:27.161Z","You","Included in Pro","No","claude-4-sonnet",52859,"Included"
"2025-08-18T20:15:54.256Z","You","Included in Pro","No","claude-4-sonnet-thinking",598304,"Included"
"2025-08-18T20:04:49.916Z","You","Included in Pro","No","claude-4-sonnet-thinking",1414128,"Included"
"2025-08-18T17:00:13.261Z","You","Included in Pro","No","claude-4-sonnet-thinking",580017,"Included"
"2025-08-18T15:57:24.473Z","You","Included in Pro","No","claude-4-sonnet-thinking",129538,"Included"
"2025-08-18T15:47:27.778Z","You","Included in Pro","No","claude-4-sonnet-thinking",855833,"Included"
"2025-08-18T15:39:03.156Z","You","Included in Pro","No","claude-4-sonnet-thinking",216582,"Included"
"2025-08-18T15:23:03.994Z","You","Included in Pro","No","claude-4-sonnet-thinking",1182851,"Included"
"2025-08-18T15:16:35.522Z","You","Included in Pro","No","claude-4-sonnet-thinking",446510,"Included"
"2025-08-18T15:14:10.003Z","You","Included in Pro","No","claude-4-sonnet-thinking",67953,"Included"
"2025-08-18T15:08:26.833Z","You","Included in Pro","No","claude-4-sonnet-thinking",535977,"Included"
"2025-08-18T14:42:38.078Z","You","Included in Pro","No","claude-4-sonnet",1298408,"Included"
"2025-08-18T07:33:01.150Z","You","Included in Pro","No","claude-4-sonnet",116199,"Included"
"2025-08-18T06:27:24.222Z","You","Included in Pro","No","claude-4-sonnet-thinking",337715,"Included"
"2025-08-18T06:26:49.672Z","You","Included in Pro","No","claude-4-sonnet-thinking",1624875,"Included"
"2025-08-18T06:19:19.707Z","You","Included in Pro","No","claude-4-sonnet-thinking",106646,"Included"
"2025-08-18T06:11:38.717Z","You","Included in Pro","Yes","claude-4.1-opus-thinking",104308,"Included"
"2025-08-18T06:08:18.181Z","You","Included in Pro","Yes","claude-4.1-opus-thinking",103274,"Included"
"2025-08-18T06:08:10.636Z","You","Included in Pro","Yes","claude-4.1-opus-thinking",93362,"Included"
"2025-08-18T06:08:10.100Z","You","Included in Pro","Yes","claude-4.1-opus-thinking",0,"Included"
"2025-08-18T06:08:09.056Z","You","Included in Pro","Yes","claude-4.1-opus-thinking",0,"Included"
"2025-08-18T06:08:07.876Z","You","Included in Pro","Yes","claude-4.1-opus-thinking",0,"Included"
"2025-08-18T06:07:51.678Z","You","Included in Pro","Yes","claude-4.1-opus-thinking",83715,"Included"
"2025-08-18T06:07:50.380Z","You","Included in Pro","Yes","claude-4.1-opus-thinking",0,"Included"
"2025-08-18T06:07:49.391Z","You","Included in Pro","Yes","claude-4.1-opus-thinking",0,"Included"
"2025-08-18T06:07:47.680Z","You","Included in Pro","Yes","claude-4.1-opus-thinking",0,"Included"
"2025-08-18T06:07:42.059Z","You","Included in Pro","Yes","claude-4.1-opus-thinking",76133,"Included"
"2025-08-18T06:07:40.988Z","You","Included in Pro","Yes","claude-4.1-opus-thinking",0,"Included"
"2025-08-18T06:07:40.123Z","You","Included in Pro","Yes","claude-4.1-opus-thinking",0,"Included"
"2025-08-18T06:07:38.785Z","You","Included in Pro","Yes","claude-4.1-opus-thinking",0,"Included"
"2025-08-18T06:07:31.389Z","You","Included in Pro","Yes","claude-4.1-opus-thinking",70603,"Included"
"2025-08-18T06:07:25.392Z","You","Included in Pro","Yes","claude-4.1-opus-thinking",70044,"Included"
"2025-08-18T06:07:24.773Z","You","Included in Pro","Yes","claude-4.1-opus-thinking",0,"Included"
"2025-08-18T06:07:24.032Z","You","Included in Pro","Yes","claude-4.1-opus-thinking",0,"Included"
"2025-08-18T06:07:22.351Z","You","Included in Pro","Yes","claude-4.1-opus-thinking",0,"Included"
"2025-08-18T06:07:15.873Z","You","Included in Pro","Yes","claude-4.1-opus-thinking",51092,"Included"
"2025-08-18T06:07:14.000Z","You","Included in Pro","Yes","claude-4.1-opus-thinking",0,"Included"
"2025-08-18T06:07:11.497Z","You","Included in Pro","Yes","claude-4.1-opus-thinking",0,"Included"
"2025-08-18T06:07:09.143Z","You","Included in Pro","Yes","claude-4.1-opus-thinking",0,"Included"
"2025-08-18T06:07:01.322Z","You","Included in Pro","Yes","claude-4.1-opus-thinking",45979,"Included"
"2025-08-18T06:07:00.550Z","You","Included in Pro","Yes","claude-4.1-opus-thinking",0,"Included"
"2025-08-18T06:07:00.091Z","You","Included in Pro","Yes","claude-4.1-opus-thinking",0,"Included"
"2025-08-18T06:06:59.119Z","You","Included in Pro","Yes","claude-4.1-opus-thinking",0,"Included"
"2025-08-18T06:06:50.537Z","You","Included in Pro","Yes","claude-4.1-opus-thinking",15366,"Included"
"2025-08-18T06:06:44.189Z","You","Included in Pro","Yes","claude-4.1-opus-thinking",15034,"Included"
"2025-08-18T05:58:21.807Z","You","Included in Pro","No","auto",58461,"Included"
"2025-08-18T05:56:37.755Z","You","Included in Pro","No","auto",325427,"Included"
"2025-08-18T05:48:46.269Z","You","Included in Pro","No","auto",321859,"Included"
"2025-08-18T05:47:36.477Z","You","Included in Pro","No","auto",61703,"Included"
"2025-08-18T05:06:40.670Z","You","Included in Pro","No","auto",101623,"Included"
"2025-08-18T05:00:13.875Z","You","Included in Pro","No","auto",554420,"Included"
"2025-08-18T04:52:58.687Z","You","Included in Pro","No","auto",79132,"Included"
"2025-08-18T04:46:08.008Z","You","Errored, Not Charged","No","auto",78194,"Included"
"2025-08-18T03:54:43.812Z","You","Included in Pro","No","auto",2624218,"Included"
"2025-08-18T03:53:42.056Z","You","Included in Pro","No","auto",102164,"Included"
"2025-08-18T02:57:43.980Z","You","Errored, Not Charged","No","auto",2133819,"Included"
"2025-08-17T06:56:35.383Z","You","Included in Pro","No","auto",399928,"Included"
"2025-08-17T06:55:40.930Z","You","Included in Pro","No","auto",369065,"Included"
"2025-08-17T06:53:17.177Z","You","Included in Pro","No","auto",172352,"Included"
"2025-08-17T06:01:31.122Z","You","Included in Pro","No","auto",69689,"Included"
"2025-08-17T06:00:29.838Z","You","Included in Pro","No","auto",136783,"Included"
"2025-08-17T05:58:39.695Z","You","Included in Pro","No","auto",67703,"Included"
"2025-08-17T05:46:49.118Z","You","Included in Pro","No","auto",478091,"Included"
"2025-08-17T05:38:05.479Z","You","Included in Pro","No","auto",427374,"Included"
"2025-08-17T05:35:46.799Z","You","Included in Pro","No","auto",56892,"Included"
"2025-08-17T05:33:02.707Z","You","Included in Pro","No","auto",108113,"Included"
"2025-08-17T05:31:03.239Z","You","Included in Pro","No","auto",50669,"Included"
"2025-08-17T05:30:06.416Z","You","Included in Pro","No","auto",98570,"Included"
"2025-08-17T05:24:47.919Z","You","Included in Pro","No","auto",44214,"Included"
"2025-08-17T05:24:00.523Z","You","Included in Pro","No","auto",43240,"Included"
"2025-08-17T05:16:37.545Z","You","Included in Pro","No","auto",40206,"Included"
"2025-08-17T05:14:24.864Z","You","Included in Pro","No","auto",64647,"Included"
"2025-08-17T05:07:40.848Z","You","Included in Pro","No","auto",64120,"Included"
"2025-08-17T05:05:28.251Z","You","Included in Pro","No","auto",37878,"Included"
"2025-08-17T04:28:01.839Z","You","Included in Pro","No","auto",36514,"Included"
"2025-08-17T04:26:58.933Z","You","Included in Pro","No","auto",35693,"Included"
"2025-08-17T04:25:52.416Z","You","Included in Pro","No","auto",67416,"Included"
"2025-08-17T04:24:42.991Z","You","Included in Pro","No","auto",31018,"Included"
"2025-08-17T04:18:21.090Z","You","Included in Pro","No","auto",138772,"Included"
"2025-08-17T04:14:20.721Z","You","Included in Pro","No","auto",154470,"Included"
"2025-08-17T03:39:19.938Z","You","Included in Pro","No","auto",6104,"Included"
"2025-08-17T03:37:31.541Z","You","Included in Pro","No","auto",5371,"Included"
"2025-08-17T03:31:18.396Z","You","Included in Pro","No","auto",4530,"Included"
"2025-08-17T03:28:44.855Z","You","Included in Pro","No","auto",5426,"Included"
"2025-08-17T03:28:11.728Z","You","Included in Pro","No","auto",4948,"Included"
"2025-08-17T03:26:15.836Z","You","Errored, Not Charged","No","auto",0,"Included"
"2025-08-17T03:24:38.551Z","You","Errored, Not Charged","No","auto",0,"Included"
"2025-08-17T01:02:49.409Z","You","Included in Pro","No","auto",128578,"Included"
"2025-08-17T00:59:59.969Z","You","Included in Pro","No","auto",521857,"Included"
"2025-08-17T00:59:22.913Z","You","Included in Pro","No","auto",53653,"Included"
"2025-08-17T00:57:36.297Z","You","Included in Pro","No","auto",52792,"Included"
"2025-08-17T00:56:48.008Z","You","Included in Pro","No","auto",51992,"Included"
"2025-08-17T00:54:56.845Z","You","Included in Pro","No","auto",48529,"Included"
"2025-08-17T00:54:45.716Z","You","Included in Pro","No","auto",47210,"Included"
"2025-08-17T00:51:48.128Z","You","Included in Pro","No","auto",170176,"Included"
"2025-08-17T00:50:17.991Z","You","Included in Pro","No","auto",35968,"Included"
"2025-08-17T00:49:21.425Z","You","Included in Pro","No","auto",35524,"Included"
"2025-08-17T00:47:44.071Z","You","Included in Pro","No","auto",66813,"Included"
"2025-08-17T00:44:51.781Z","You","Included in Pro","No","auto",121064,"Included"
"2025-08-17T00:43:20.777Z","You","Included in Pro","No","auto",224011,"Included"
"2025-08-17T00:40:59.135Z","You","Included in Pro","No","auto",1618996,"Included"
"2025-08-17T00:30:53.246Z","You","Included in Pro","No","auto",900221,"Included"
"2025-08-17T00:27:55.886Z","You","Included in Pro","No","auto",101512,"Included"
"2025-08-17T00:27:24.546Z","You","Included in Pro","No","auto",21094,"Included"
"2025-08-17T00:12:41.531Z","You","Included in Pro","No","auto",73714,"Included"
"2025-08-17T00:04:52.494Z","You","Included in Pro","No","auto",68539,"Included"
"2025-08-16T21:56:11.153Z","You","Included in Pro","No","auto",1279181,"Included"
"2025-08-16T21:22:37.708Z","You","Included in Pro","No","auto",1704706,"Included"
"2025-08-16T20:17:58.440Z","You","Included in Pro","No","auto",1045799,"Included"
"2025-08-16T17:35:18.080Z","You","Included in Pro","No","auto",97649,"Included"
"2025-08-16T17:34:36.827Z","You","Included in Pro","No","auto",96981,"Included"
"2025-08-16T17:32:43.738Z","You","Included in Pro","No","auto",566653,"Included"
"2025-08-16T17:24:10.950Z","You","Included in Pro","No","auto",1698153,"Included"
"2025-08-16T17:23:17.936Z","You","Errored, Not Charged","No","auto",55818,"Included"
"2025-08-16T17:22:09.458Z","You","Errored, Not Charged","No","auto",0,"Included"
"2025-08-16T11:23:13.978Z","You","Errored, Not Charged","No","auto",0,"Included"
"2025-08-16T11:23:07.979Z","You","Included in Pro","No","auto",0,"Included"
"2025-08-16T11:21:49.314Z","You","Errored, Not Charged","No","auto",0,"Included"
"2025-08-16T11:21:15.845Z","You","Errored, Not Charged","No","auto",0,"Included"
"2025-08-16T11:20:42.202Z","You","Errored, Not Charged","No","auto",0,"Included"
"2025-08-16T11:11:59.687Z","You","Included in Pro","No","auto",3282392,"Included"
"2025-08-16T11:08:29.114Z","You","Errored, Not Charged","No","auto",1982886,"Included"
"2025-08-16T11:06:05.586Z","You","Errored, Not Charged","No","auto",802123,"Included"
"2025-08-16T11:04:58.811Z","You","Errored, Not Charged","No","auto",1181336,"Included"
"2025-08-16T11:03:27.257Z","You","Errored, Not Charged","No","auto",489598,"Included"
"2025-08-16T11:02:44.653Z","You","Errored, Not Charged","No","auto",651907,"Included"
"2025-08-16T11:00:50.090Z","You","Errored, Not Charged","No","auto",2011756,"Included"
"2025-08-16T10:56:07.536Z","You","Included in Pro","No","auto",34147,"Included"
"2025-08-16T10:54:37.888Z","You","Errored, Not Charged","No","auto",474866,"Included"
"2025-08-16T10:47:52.088Z","You","Included in Pro","No","auto",408950,"Included"
"2025-08-16T10:36:54.638Z","You","Included in Pro","No","auto",1261798,"Included"
"2025-08-16T10:31:16.261Z","You","Included in Pro","No","auto",110421,"Included"
"2025-08-16T10:22:29.867Z","You","Included in Pro","No","auto",858498,"Included"
"2025-08-16T10:19:33.500Z","You","Included in Pro","No","auto",759988,"Included"
"2025-08-16T10:10:17.628Z","You","Included in Pro","No","auto",813608,"Included"
"2025-08-16T10:02:37.215Z","You","Included in Pro","No","auto",524642,"Included"
"2025-08-16T09:53:29.982Z","You","Included in Pro","No","auto",1090314,"Included"
"2025-08-16T09:39:51.786Z","You","Included in Pro","No","auto",58753,"Included"
"2025-08-16T09:38:08.117Z","You","Included in Pro","No","auto",103498,"Included"
"2025-08-16T09:32:50.682Z","You","Included in Pro","No","auto",1399647,"Included"
"2025-08-16T09:30:57.643Z","You","Included in Pro","No","auto",75241,"Included"
"2025-08-16T09:28:04.699Z","You","Included in Pro","No","auto",118566,"Included"
"2025-08-16T09:03:44.278Z","You","Included in Pro","No","auto",1140494,"Included"
"2025-08-16T09:02:29.106Z","You","Included in Pro","No","auto",71491,"Included"
"2025-08-16T09:00:37.577Z","You","Included in Pro","No","auto",69032,"Included"
"2025-08-16T08:51:07.726Z","You","Included in Pro","No","auto",66250,"Included"
"2025-08-16T08:43:52.930Z","You","Included in Pro","No","auto",714152,"Included"
"2025-08-16T08:43:08.276Z","You","Included in Pro","No","auto",24935,"Included"
"2025-08-16T08:41:41.671Z","You","Included in Pro","No","auto",23708,"Included"
"2025-08-16T08:39:55.056Z","You","Included in Pro","No","auto",184280,"Included"
"2025-08-16T08:39:03.258Z","You","Included in Pro","No","auto",22623,"Included"
"2025-08-16T08:32:00.253Z","You","Included in Pro","No","auto",20231,"Included"
"2025-08-16T08:28:03.068Z","You","Included in Pro","No","auto",91988,"Included"
"2025-08-16T08:00:41.505Z","You","Included in Pro","No","auto",68147,"Included"
"2025-08-16T07:59:39.278Z","You","Included in Pro","No","auto",17516,"Included"
"2025-08-16T07:55:45.398Z","You","Included in Pro","No","auto",13444,"Included"
"2025-08-16T07:14:47.689Z","You","Included in Pro","No","auto",330525,"Included"
"2025-08-16T07:13:45.460Z","You","Included in Pro","No","auto",64002,"Included"
"2025-08-16T07:07:38.791Z","You","Included in Pro","No","auto",497783,"Included"
"2025-08-16T07:05:08.567Z","You","Included in Pro","No","auto",409259,"Included"
"2025-08-16T07:04:37.636Z","You","Included in Pro","No","auto",95182,"Included"
"2025-08-16T06:56:37.727Z","You","Included in Pro","No","auto",24673,"Included"
"2025-08-16T06:48:10.270Z","You","Included in Pro","No","auto",571599,"Included"
"2025-08-16T06:34:22.507Z","You","Included in Pro","No","auto",789764,"Included"
"2025-08-16T06:22:44.444Z","You","Included in Pro","No","auto",1561124,"Included"
"2025-08-16T06:18:10.607Z","You","Errored, Not Charged","No","auto",1383063,"Included"
"2025-08-16T06:16:50.658Z","You","Included in Pro","No","auto",411496,"Included"
"2025-08-16T06:10:10.305Z","You","Included in Pro","No","auto",243063,"Included"
"2025-08-16T06:08:22.344Z","You","Included in Pro","No","auto",233028,"Included"
"2025-08-16T06:08:02.415Z","You","Errored, Not Charged","No","auto",151047,"Included"
"2025-08-16T06:03:29.867Z","You","Included in Pro","No","auto",405250,"Included"
"2025-08-16T05:54:33.971Z","You","Included in Pro","No","auto",2297759,"Included"
"2025-08-16T05:53:38.244Z","You","Included in Pro","No","auto",64058,"Included"
"2025-08-16T05:52:18.930Z","You","Included in Pro","No","auto",706834,"Included"
"2025-08-16T05:39:57.805Z","You","Included in Pro","No","auto",953040,"Included"
"2025-08-16T05:37:11.839Z","You","Included in Pro","No","auto",137111,"Included"
"2025-08-16T05:35:29.922Z","You","Errored, Not Charged","No","auto",0,"Included"
"2025-08-16T05:34:08.239Z","You","Errored, Not Charged","No","auto",0,"Included"
"2025-08-15T06:28:36.464Z","You","Errored, Not Charged","No","auto",189288,"Included"
"2025-08-15T06:14:15.635Z","You","Included in Pro","No","auto",1799772,"Included"
"2025-08-14T21:47:59.273Z","You","Included in Pro","Yes","claude-4.1-opus-thinking",79721,"Included"
"2025-08-14T21:47:28.839Z","You","Included in Pro","Yes","claude-4.1-opus-thinking",79090,"Included"
"2025-08-14T21:47:20.485Z","You","Included in Pro","Yes","claude-4.1-opus-thinking",78921,"Included"
"2025-08-14T21:46:08.393Z","You","Included in Pro","Yes","claude-4.1-opus-thinking",76807,"Included"
"2025-08-14T21:45:38.540Z","You","Included in Pro","Yes","claude-4.1-opus-thinking",76580,"Included"
"2025-08-14T21:45:23.669Z","You","Included in Pro","Yes","claude-4.1-opus-thinking",73982,"Included"
"2025-08-14T21:44:37.330Z","You","Included in Pro","Yes","claude-4.1-opus-thinking",72663,"Included"
"2025-08-14T21:44:16.278Z","You","Included in Pro","Yes","claude-4.1-opus-thinking",72136,"Included"
"2025-08-14T21:44:09.227Z","You","Included in Pro","Yes","claude-4.1-opus-thinking",70676,"Included"
"2025-08-14T21:43:51.604Z","You","Included in Pro","Yes","claude-4.1-opus-thinking",69614,"Included"
"2025-08-14T21:43:36.786Z","You","Included in Pro","Yes","claude-4.1-opus-thinking",69361,"Included"
"2025-08-14T21:43:23.897Z","You","Included in Pro","Yes","claude-4.1-opus-thinking",68698,"Included"
"2025-08-14T21:43:08.690Z","You","Included in Pro","Yes","claude-4.1-opus-thinking",67900,"Included"
"2025-08-14T21:42:47.968Z","You","Included in Pro","Yes","claude-4.1-opus-thinking",67352,"Included"
"2025-08-14T21:42:29.106Z","You","Included in Pro","Yes","claude-4.1-opus-thinking",66621,"Included"
"2025-08-14T21:42:08.175Z","You","Included in Pro","Yes","claude-4.1-opus-thinking",65645,"Included"
"2025-08-14T21:40:53.187Z","You","Included in Pro","Yes","claude-4.1-opus-thinking",64734,"Included"
"2025-08-14T21:40:43.770Z","You","Included in Pro","Yes","claude-4.1-opus-thinking",63713,"Included"
"2025-08-14T21:40:32.792Z","You","Included in Pro","Yes","claude-4.1-opus-thinking",60621,"Included"
"2025-08-14T21:40:23.787Z","You","Included in Pro","Yes","claude-4.1-opus-thinking",60093,"Included"
"2025-08-14T21:38:30.988Z","You","Included in Pro","Yes","claude-4.1-opus-thinking",60050,"Included"
"2025-08-14T21:29:16.905Z","You","Included in Pro","Yes","claude-4.1-opus-thinking",56136,"Included"
"2025-08-14T21:28:45.087Z","You","Included in Pro","Yes","claude-4.1-opus-thinking",55348,"Included"
"2025-08-14T21:28:37.767Z","You","Included in Pro","Yes","claude-4.1-opus-thinking",53951,"Included"
"2025-08-14T21:28:36.747Z","You","Included in Pro","Yes","claude-4.1-opus-thinking",0,"Included"
"2025-08-14T21:26:47.535Z","You","Included in Pro","Yes","claude-4.1-opus-thinking",52143,"Included"
"2025-08-14T21:26:43.589Z","You","Included in Pro","Yes","claude-4.1-opus-thinking",51899,"Included"
"2025-08-14T21:26:24.139Z","You","Included in Pro","Yes","claude-4.1-opus-thinking",0,"Included"
"2025-08-14T21:26:06.695Z","You","Included in Pro","Yes","claude-4.1-opus-thinking",47556,"Included"
"2025-08-14T21:26:04.306Z","You","Included in Pro","Yes","claude-4.1-opus-thinking",0,"Included"
"2025-08-14T21:25:34.558Z","You","Errored, Not Charged","Yes","claude-4.1-opus-thinking",46764,"Included"
"2025-08-14T21:25:33.352Z","You","Included in Pro","Yes","claude-4.1-opus-thinking",0,"Included"
"2025-08-14T21:25:30.283Z","You","Included in Pro","Yes","claude-4.1-opus-thinking",0,"Included"
"2025-08-14T21:25:28.624Z","You","Included in Pro","Yes","claude-4.1-opus-thinking",0,"Included"
"2025-08-14T21:25:21.978Z","You","Included in Pro","Yes","claude-4.1-opus-thinking",38454,"Included"
"2025-08-14T21:25:21.951Z","You","Included in Pro","Yes","claude-4.1-opus-thinking",0,"Included"
"2025-08-14T21:25:14.397Z","You","Included in Pro","Yes","claude-4.1-opus-thinking",0,"Included"
"2025-08-14T21:24:03.544Z","You","Included in Pro","Yes","claude-4.1-opus-thinking",32689,"Included"
"2025-08-14T21:23:52.427Z","You","Included in Pro","Yes","claude-4.1-opus-thinking",31437,"Included"
"2025-08-14T21:23:50.435Z","You","Included in Pro","Yes","claude-4.1-opus-thinking",0,"Included"
"2025-08-14T21:23:44.899Z","You","Included in Pro","Yes","claude-4.1-opus-thinking",30744,"Included"
"2025-08-14T21:23:44.153Z","You","Included in Pro","Yes","claude-4.1-opus-thinking",0,"Included"
"2025-08-14T21:23:43.580Z","You","Included in Pro","Yes","claude-4.1-opus-thinking",0,"Included"
"2025-08-14T21:23:42.714Z","You","Included in Pro","Yes","claude-4.1-opus-thinking",0,"Included"
"2025-08-14T21:23:38.578Z","You","Included in Pro","Yes","claude-4.1-opus-thinking",27112,"Included"
"2025-08-14T21:23:38.162Z","You","Included in Pro","Yes","claude-4.1-opus-thinking",0,"Included"
"2025-08-14T21:23:37.483Z","You","Included in Pro","Yes","claude-4.1-opus-thinking",0,"Included"
"2025-08-14T21:23:36.942Z","You","Included in Pro","Yes","claude-4.1-opus-thinking",0,"Included"
"2025-08-14T21:23:30.676Z","You","Included in Pro","Yes","claude-4.1-opus-thinking",20312,"Included"
"2025-08-14T21:23:30.240Z","You","Included in Pro","Yes","claude-4.1-opus-thinking",0,"Included"
"2025-08-14T21:23:29.724Z","You","Included in Pro","Yes","claude-4.1-opus-thinking",0,"Included"
"2025-08-14T21:23:29.241Z","You","Included in Pro","Yes","claude-4.1-opus-thinking",0,"Included"
"2025-08-14T21:23:19.247Z","You","Included in Pro","Yes","claude-4.1-opus-thinking",17076,"Included"
"2025-08-14T21:23:11.686Z","You","Included in Pro","Yes","claude-4.1-opus-thinking",16811,"Included"
"2025-08-14T21:20:49.754Z","You","Included in Pro","No","auto",145055,"Included"
"2025-08-14T20:58:02.899Z","You","Included in Pro","No","auto",109165,"Included"
"2025-08-14T20:44:35.498Z","You","Included in Pro","No","auto",107960,"Included"
"2025-08-14T20:43:16.252Z","You","Included in Pro","No","auto",106593,"Included"
"2025-08-14T20:18:38.491Z","You","Included in Pro","No","auto",2446679,"Included"
"2025-08-14T19:26:08.535Z","You","Included in Pro","No","auto",1185644,"Included"
"2025-08-14T19:21:32.660Z","You","Included in Pro","No","auto",165098,"Included"
"2025-08-14T19:20:53.520Z","You","Included in Pro","No","auto",82307,"Included"
"2025-08-14T19:13:05.886Z","You","Included in Pro","No","auto",212046,"Included"
"2025-08-14T19:10:21.051Z","You","Included in Pro","No","auto",319807,"Included"
"2025-08-14T19:02:24.609Z","You","Errored, Not Charged","No","auto",633974,"Included"
"2025-08-14T18:52:29.438Z","You","Included in Pro","No","auto",40250,"Included"
"2025-08-14T18:34:44.155Z","You","Included in Pro","No","auto",105378,"Included"
"2025-08-14T18:28:56.769Z","You","Included in Pro","No","auto",513365,"Included"
"2025-08-14T18:21:06.705Z","You","Included in Pro","No","auto",965890,"Included"
"2025-08-14T18:19:55.306Z","You","Included in Pro","No","auto",77715,"Included"
"2025-08-14T18:17:03.945Z","You","Included in Pro","No","auto",217350,"Included"
"2025-08-14T18:08:27.460Z","You","Included in Pro","No","auto",229334,"Included"
"2025-08-14T17:50:22.186Z","You","Included in Pro","No","auto",171224,"Included"
"2025-08-14T17:47:01.550Z","You","Included in Pro","No","auto",31880,"Included"
"2025-08-14T17:39:37.520Z","You","Included in Pro","No","auto",739709,"Included"
"2025-08-14T17:38:18.214Z","You","Included in Pro","No","auto",109510,"Included"
"2025-08-14T17:35:56.080Z","You","Included in Pro","No","auto",108441,"Included"
"2025-08-14T17:35:32.477Z","You","Included in Pro","No","auto",107905,"Included"
"2025-08-14T17:33:48.767Z","You","Included in Pro","No","auto",107382,"Included"
"2025-08-14T17:32:56.719Z","You","Included in Pro","No","auto",105994,"Included"
"2025-08-14T17:28:36.443Z","You","Included in Pro","No","auto",741586,"Included"
"2025-08-14T17:17:17.836Z","You","Included in Pro","No","auto",392208,"Included"
"2025-08-14T17:09:11.975Z","You","Included in Pro","No","auto",284851,"Included"
"2025-08-14T16:48:50.876Z","You","Included in Pro","No","auto",223705,"Included"
"2025-08-14T15:51:26.574Z","You","Included in Pro","No","auto",840359,"Included"
"2025-08-14T15:47:39.279Z","You","Included in Pro","No","auto",992393,"Included"
"2025-08-14T15:46:04.469Z","You","Included in Pro","No","auto",100412,"Included"
"2025-08-14T15:42:33.906Z","You","Included in Pro","No","auto",79577,"Included"
"2025-08-14T15:40:35.943Z","You","Included in Pro","No","auto",74940,"Included"
"2025-08-14T13:07:35.821Z","You","Included in Pro","No","auto",656730,"Included"
"2025-08-14T12:56:42.695Z","You","Included in Pro","No","auto",1175270,"Included"
"2025-08-14T02:08:25.938Z","You","Included in Pro","No","auto",107898,"Included"
"2025-08-14T00:11:08.091Z","You","Included in Pro","No","auto",46330,"Included"
"2025-08-14T00:06:39.049Z","You","Included in Pro","No","auto",39740,"Included"
"2025-08-14T00:04:55.850Z","You","Included in Pro","No","auto",32157,"Included"
"2025-08-14T00:01:53.208Z","You","Included in Pro","No","auto",140836,"Included"
"2025-08-13T23:02:08.968Z","You","Included in Pro","No","auto",20913,"Included"
"2025-08-13T22:59:57.981Z","You","Included in Pro","No","auto",72094,"Included"
"2025-08-13T22:58:52.663Z","You","Errored, Not Charged","No","auto",0,"Included"
"2025-08-13T22:57:32.367Z","You","Errored, Not Charged","No","auto",0,"Included"
"2025-08-13T22:54:06.298Z","You","Errored, Not Charged","No","auto",0,"Included"
"2025-08-13T22:51:54.134Z","You","Errored, Not Charged","No","auto",0,"Included"
"2025-08-13T22:50:42.116Z","You","Errored, Not Charged","No","auto",0,"Included"
"2025-08-13T22:45:02.367Z","You","Included in Pro","No","auto",1710314,"Included"
"2025-08-13T22:43:51.600Z","You","Included in Pro","No","auto",89735,"Included"
"2025-08-13T22:33:13.799Z","You","Included in Pro","No","auto",86996,"Included"
"2025-08-13T22:32:22.603Z","You","Included in Pro","No","auto",86335,"Included"
"2025-08-13T22:31:31.134Z","You","Included in Pro","No","auto",86176,"Included"
"2025-08-13T22:29:57.490Z","You","Included in Pro","No","auto",85827,"Included"
"2025-08-13T22:27:32.873Z","You","Included in Pro","No","auto",85608,"Included"
"2025-08-13T22:26:46.997Z","You","Included in Pro","No","auto",85312,"Included"
"2025-08-13T22:26:17.908Z","You","Included in Pro","No","auto",84976,"Included"
"2025-08-13T22:25:11.237Z","You","Included in Pro","No","auto",84830,"Included"
"2025-08-13T22:24:03.266Z","You","Included in Pro","No","auto",84590,"Included"
"2025-08-13T22:23:27.303Z","You","Included in Pro","No","auto",84132,"Included"
"2025-08-13T22:21:44.370Z","You","Included in Pro","No","auto",83817,"Included"
"2025-08-13T22:20:14.188Z","You","Included in Pro","No","auto",82771,"Included"
"2025-08-13T22:19:09.322Z","You","Included in Pro","No","auto",81701,"Included"
"2025-08-13T22:18:28.680Z","You","Included in Pro","No","auto",80901,"Included"
"2025-08-13T22:17:29.642Z","You","Errored, Not Charged","No","auto",80143,"Included"
"2025-08-13T22:11:53.354Z","You","Included in Pro","No","auto",317054,"Included"
"2025-08-13T21:24:30.101Z","You","Included in Pro","No","auto",78273,"Included"
"2025-08-13T21:23:09.918Z","You","Errored, Not Charged","No","auto",0,"Included"
"2025-08-13T21:12:19.683Z","You","Included in Pro","No","auto",1492587,"Included"
"2025-08-13T21:11:42.548Z","You","Included in Pro","No","auto",112484,"Included"
"2025-08-13T21:05:09.714Z","You","Included in Pro","No","auto",135054,"Included"
"2025-08-13T20:45:31.384Z","You","Included in Pro","No","auto",26573,"Included"
"2025-08-13T20:44:31.430Z","You","Included in Pro","No","auto",26238,"Included"
"2025-08-13T20:42:34.236Z","You","Included in Pro","No","auto",25942,"Included"
"2025-08-13T20:30:27.704Z","You","Included in Pro","No","auto",310053,"Included"
"2025-08-13T20:22:26.490Z","You","Errored, Not Charged","No","auto",25043,"Included"
"2025-08-13T20:20:37.870Z","You","Errored, Not Charged","No","auto",0,"Included"
"2025-08-13T17:44:06.364Z","You","Included in Pro","No","auto",109719,"Included"
"2025-08-13T17:25:28.610Z","You","Included in Pro","No","auto",117742,"Included"
"2025-08-13T17:17:39.813Z","You","Included in Pro","No","auto",292209,"Included"
"2025-08-13T17:14:38.309Z","You","Included in Pro","No","auto",314222,"Included"
"2025-08-13T17:10:53.095Z","You","Included in Pro","No","auto",200092,"Included"
"2025-08-13T17:03:53.178Z","You","Included in Pro","No","auto",470642,"Included"
"2025-08-13T16:56:14.048Z","You","Included in Pro","No","auto",1895463,"Included"
"2025-08-13T16:50:45.167Z","You","Included in Pro","No","auto",782838,"Included"
"2025-08-13T16:41:47.076Z","You","Included in Pro","No","auto",97012,"Included"
"2025-08-13T16:37:12.645Z","You","Included in Pro","No","auto",96073,"Included"
"2025-08-13T16:31:16.149Z","You","Included in Pro","No","auto",94905,"Included"
"2025-08-13T16:28:55.732Z","You","Included in Pro","No","auto",93563,"Included"
"2025-08-13T16:26:29.247Z","You","Included in Pro","No","auto",92151,"Included"
"2025-08-13T16:11:09.365Z","You","Included in Pro","No","auto",109580,"Included"
"2025-08-13T16:01:59.051Z","You","Included in Pro","No","auto",89303,"Included"
"2025-08-13T16:00:52.660Z","You","Included in Pro","No","auto",88344,"Included"
"2025-08-13T15:58:04.530Z","You","Included in Pro","No","auto",86717,"Included"
"2025-08-13T15:48:00.965Z","You","Included in Pro","No","auto",82472,"Included"
"2025-08-13T15:44:29.389Z","You","Included in Pro","No","auto",81251,"Included"
"2025-08-13T15:23:56.830Z","You","Included in Pro","No","auto",75577,"Included"
"2025-08-13T15:21:27.111Z","You","Included in Pro","No","auto",371844,"Included"
"2025-08-13T15:16:26.691Z","You","Included in Pro","No","auto",73902,"Included"
"2025-08-13T15:10:40.538Z","You","Included in Pro","No","auto",146828,"Included"
"2025-08-13T15:09:12.984Z","You","Included in Pro","No","auto",575048,"Included"
"2025-08-13T14:43:35.432Z","You","Included in Pro","No","auto",674077,"Included"
"2025-08-13T01:23:09.434Z","You","Included in Pro","No","auto",509863,"Included"
"2025-08-13T01:15:25.504Z","You","Included in Pro","No","auto",423051,"Included"
"2025-08-13T01:11:06.840Z","You","Included in Pro","No","auto",623362,"Included"
"2025-08-13T01:08:33.118Z","You","Included in Pro","No","auto",286614,"Included"
"2025-08-13T01:07:02.105Z","You","Included in Pro","No","auto",92693,"Included"
"2025-08-13T01:03:47.959Z","You","Included in Pro","No","auto",128351,"Included"
"2025-08-13T01:01:09.609Z","You","Included in Pro","No","auto",35234,"Included"
"2025-08-13T01:00:16.360Z","You","Included in Pro","No","auto",32809,"Included"
"2025-08-13T00:57:19.886Z","You","Included in Pro","No","auto",72654,"Included"
"2025-08-13T00:56:40.240Z","You","Included in Pro","No","auto",16104,"Included"
"2025-08-13T00:56:00.642Z","You","Included in Pro","No","auto",22912,"Included"
"2025-08-13T00:53:49.588Z","You","Included in Pro","No","auto",15834,"Included"
"2025-08-13T00:42:10.472Z","You","Included in Pro","No","auto",29464,"Included"
